Game ID,Release Variant ID,NES Title,Famicom Title,Alternate PAL Titles,JP Release Date,NA Release Date,PAL (UK) Release Date,PAL (EU) Release Date,Famicom Cart Code (HVC),Famicom Disk Code (FMC/FDS),Famicom Code,Developer,Publisher JP,Publisher NA,Publisher PAL,JP Mapper,NA Mapper,JP Submapper (iNES2),NA Submapper (iNES2),JP PRG Size KB,JP CHR Size KB,NA PRG Size KB,NA CHR Size KB,Mirroring JP,Mirroring NA,Board/PCB Code JP,Board/PCB Code NA,Peripheral Support,JP Save Method,NA Save Method,JP Battery Present,NA Battery Present,JP WRAM (KB),NA WRAM (KB),Save Notes,JP PRG SHA-1,JP CHR SHA-1,NA PRG SHA-1,NA CHR SHA-1,Similarity (PRG %),Similarity (CHR %),Localization Type,Content Differences (short),Mapper Source,Tech Source,JP Revision Notes,NA Revision Notes,JP Significant ROM Variants,NA Significant ROM Variants,Revision Count Diff,Confidence,Notes,verification_reason,Verification Status,FamicomBox Presence,FamicomBox Gray Cart,Verification Pass,Variant Type
GID-004B2D987A,,Double Dragon,ダブルドラゴン,,,,,,,,,Technōs Japan,Technōs Japan,Tradewest,,,,,,,,,,,,,,,,,,,,,,,,,,,,,,,,,,,,,High,Stage‑1: high‑confidence pair (to verify details later),,Kept (auto),,,Tight v1,
GID-11035D77E3,,Double Dragon II: The Revenge,ダブルドラゴンII,,,,,,,,,Technōs Japan,Technōs Japan,Acclaim/Tradewest,,,,,,,,,,,,,,,,,,,,,,,,,,,,,,,,,,,,,High,Stage‑1: high‑confidence pair (to verify details later),,Kept (auto),,,Tight v1,
GID-BA08329717,,Double Dragon III: The Sacred Stones,ダブルドラゴンIII,,,,,,,,,Technōs Japan,Technōs Japan,Acclaim,,,,,,,,,,,,,,,,,,,,,,,,,,,,,,,,,,,,,High,Stage‑1: high‑confidence pair (to verify details later),,Kept (auto),,,Tight v1,
GID-9C965BFA0D,,Operation Wolf,オペレーションウルフ,,,,,,,,,Taito,Taito,Taito,,,,,,,,,,,,,,,,,,,,,,,,,,,,,,,,,,,,,High,Stage‑1: high‑confidence pair (to verify details later),,Kept (auto),,,Tight v1,
GID-985966095D,,Renegade,熱血硬派くにおくん,,,,,,,,,Technōs Japan,Technōs Japan,Taito,,,,,,,,,,,,,,,,,,,,,,,,,,,,,,,,,,,,,High,US from Kunio-kun,,Kept (auto),,,Tight v1,
GID-58113FEF22,,Stinger,もえろツインビー,,,,,,,,,Konami,Konami,Konami,,,,,,,,,,,,,,,,,,,,,,,,,,,,,,,,,,,,,High,US 'Stinger' from JP 'Moero TwinBee',,Kept (auto),,,Tight v1,
GID-9705C24222,,Track & Field,ハイパーオリンピック,,,,,,,,,Konami,Konami,Konami,,,,,,,,,,,,,,,,,,,,,,,,,,,,,,,,,,,,,High,Stage‑1: high‑confidence pair (to verify details later),,Kept (auto),,,Tight v1,
GID-4AF80E706E,,Track & Field II,ハイパーオリンピック2,,,,,,,,,Konami,Konami,Konami,,,,,,,,,,,,,,,,,,,,,,,,,,,,,,,,,,,,,High,Stage‑1: high‑confidence pair (to verify details later),,Kept (auto),,,Tight v1,
GID-571EF5E551,,Princess Tomato in the Salad Kingdom,サラダの国のトマト姫,,,,,,,,,Hudson Soft,Hudson Soft,Hudson Soft,,,,,,,,,,,,,,,,,,,,,,,,,,,,,,,,,,,,,High,Stage‑1: high‑confidence pair (to verify details later),,Kept (auto),,,Tight v1,
GID-EB3C8E5598,,King's Knight,キングスナイト,,,,,,,,,Square,Square,Square,,,,,,,,,,,,,,,,,,,,,,,,,,,,,,,,,,,,,High,Stage‑1: high‑confidence pair (to verify details later),,Kept (auto),,,Tight v1,
GID-7D01A6A5B9,,Destiny of an Emperor,天地を喰らう,,,,,,,,,Capcom,Capcom,Capcom,,,,,,,,,,,,,,,,,,,,,,,,,,,,,,,,,,,,,High,US from JP 'Tenchi wo Kurau',,Kept (auto),,,Tight v1,
GID-2F25209F4D,,Tecmo Bowl,テクモボウル,,,,,,,,,Tecmo,Tecmo,Tecmo,,,,,,,,,,,,,,,,,,,,,,,,,,,,,,,,,,,,,High,Stage‑1: high‑confidence pair (to verify details later),,Kept (auto),,,Tight v1,
GID-C0BB13CB6B,,S.C.A.T.: Special Cybernetic Attack Team,ファイナルミッション,,,,,,,,,Natsume,Natsume,Natsume,,,,,,,,,,,,,,,,,,,,,,,,,,,,,,,,,,,,,High,US 'S.C.A.T.' from JP 'Final Mission',,Kept (auto),,,Tight v1,
GID-34BECC1D2F,,Totally Rad,マジック・ジョン,,,,,,,,,Aicom/Jaleco,Jaleco,Jaleco,,,,,,,,,,,,,,,,,,,,,,,,,,,,,,,,,,,,,High,US 'Totally Rad' from JP 'Magic John',,Kept (auto),,,Tight v1,
GID-DD8C1C4B9E,,Karate Champ,カラテチャンプ,,,,,,,,,Data East,Data East,Data East,,,,,,,,,,,,,,,,,,,,,,,,,,,,,,,,,,,,,High,Stage‑1: high‑confidence pair (to verify details later),,Kept (auto),,,Tight v1,
GID-628548CC48,,Air Fortress,エアー・フォートレス,,,,,,,,,HAL Laboratory,HAL Laboratory,HAL America,,,,,,,,,,,,,,,,,,,,,,,,,,,,,,,,,,,,,High,Stage‑1: high‑confidence pair (to verify details later),,Kept (auto),,,Tight v1,
GID-4B36ACE8DD,,The Bugs Bunny Crazy Castle,ミッキーマウス,,,,,,,,,Kemco,Kemco,Kemco/Seika,,,,,,,,,,,,,,,,,,,,,,,,,,,,,,,,,,,,,High,Character swap JP 'Mickey Mouse',,Kept (auto),,,Tight v1,
GID-BD7D4961B6,,Xevious,ゼビウス,,,,,,,,,Namco,Namco,Bandai,,,,,,,,,,,,,,,,,,,,,,,,,,,,,,,,,,,,,High,US publisher Bandai,,Kept (auto),,,Tight v1,
GID-FCCF07F303,,Galaga: Demons of Death,ギャラガ,,,,,,,,,Namco,Namco,Bandai,,,,,,,,,,,,,,,,,,,,,,,,,,,,,,,,,,,,,High,US publisher Bandai,,Kept (auto),,,Tight v1,
GID-F9FA4B4AC8,,Balloon Fight,バルーンファイト,,,,,,,,,Nintendo,Nintendo,Nintendo,,,,,,,,,,,,,,,,,,,,,,,,,,,,,,,,,,,,,High,Stage‑1: high‑confidence pair (to verify details later),,Kept (auto),,,Tight v1,
GID-987DDE35C2,,Ice Climber,アイスクライマー,,,,,,,,,Nintendo,Nintendo,Nintendo,,,,,,,,,,,,,,,,,,,,,,,,,,,,,,,,,,,,,High,Stage‑1: high‑confidence pair (to verify details later),,Kept (auto),,,Tight v1,
GID-D9CAB0FDBA,,Clu Clu Land,クルクルランド,,,,,,,,,Nintendo,Nintendo,Nintendo,,,,,,,,,,,,,,,,,,,,,,,,,,,,,,,,,,,,,High,Stage‑1: high‑confidence pair (to verify details later),,Kept (auto),,,Tight v1,
GID-A616353ECE,,Urban Champion,アーバンチャンピオン,,,,,,,,,Nintendo,Nintendo,Nintendo,,,,,,,,,,,,,,,,,,,,,,,,,,,,,,,,,,,,,High,Stage‑1: high‑confidence pair (to verify details later),,Kept (auto),,,Tight v1,
GID-85C58970D0,,Volleyball,バレーボール,,,,,,,,,Nintendo,Nintendo,Nintendo,,,,,,,,,,,,,,,,,,,,,,,,,,,,,,,,,,,,,High,Stage‑1: high‑confidence pair (to verify details later),,Kept (auto),,,Tight v1,
GID-7DF03AA568,,Soccer,サッカー,,,,,,,,,Nintendo,Nintendo,Nintendo,,,,,,,,,,,,,,,,,,,,,,,,,,,,,,,,,,,,,High,Stage‑1: high‑confidence pair (to verify details later),,Kept (auto),,,Tight v1,
GID-7AD7147BF6,,Pro Wrestling,プロレス,,,,,,,,,Nintendo,Nintendo,Nintendo,,,,,,,,,,,,,,,,,,,,,,,,,,,,,,,,,,,,,High,Stage‑1: high‑confidence pair (to verify details later),,Kept (auto),,,Tight v1,
GID-C216173336,,Baseball Stars,ベースボールスターズ,,,,,,,,,SNK,SNK,SNK,,,,,,,,,,,,,,,,,,,,,,,,,,,,,,,,,,,,,Medium,Verify JP Famicom release title mapping,,Kept (auto),,,Tight v1,
GID-26D51DDCFE,,River City Ransom,ダウンタウン熱血物語,,,,,,,,,Technōs Japan,Technōs Japan,Technōs Japan,,,,,,,,,,,,,,,,,,,,,,,,,,,,,,,,,,,,,High,US from JP 'Downtown Nekketsu Monogatari',,Kept (auto),,,Tight v1,
GID-B8ACA9A66C,,Bionic Commando (dup safe),トップシークレット,,,,,,,,,Capcom,Capcom,Capcom,,,,,,,,,,,,,,,,,,,,,,,,,,,,,,,,,,,,,High,Stage‑1: high‑confidence pair (to verify details later),,Kept (auto),,,Tight v1,
GID-6050DD1A67,,Ikari III: The Rescue,怒III,,,,,,,,,SNK,SNK,SNK,,,,,,,,,,,,,,,,,,,,,,,,,,,,,,,,,,,,,High,Stage‑1: high‑confidence pair (to verify details later),,Kept (auto),,,Tight v1,
GID-3231519FE2,,Rygar (dup safe),アルゴスの戦士,,,,,,,,,Tecmo,Tecmo,Tecmo,,,,,,,,,,,,,,,,,,,,,,,,,,,,,,,,,,,,,High,Stage‑1: high‑confidence pair (to verify details later),,Kept (auto),,,Tight v1,
GID-704C65574B,,Gun.Smoke (dup safe),ガンスモーク,,,,,,,,,Capcom,Capcom,Capcom,,,,,,,,,,,,,,,,,,,,,,,,,,,,,,,,,,,,,High,Stage‑1: high‑confidence pair (to verify details later),,Kept (auto),,,Tight v1,
GID-27A2884B81,,Section-Z (dup safe),セクションZ,,,,,,,,,Capcom,Capcom,Capcom,,,,,,,,,,,,,,,,,,,,,,,,,,,,,,,,,,,,,High,Stage‑1: high‑confidence pair (to verify details later),,Kept (auto),,,Tight v1,
GID-E44BC07ABE,,Commando (dup safe),戦場の狼,,,,,,,,,Capcom,Capcom,Capcom,,,,,,,,,,,,,,,,,,,,,,,,,,,,,,,,,,,,,High,Stage‑1: high‑confidence pair (to verify details later),,Kept (auto),,,Tight v1,
GID-6D4AD18751,,Legendary Wings (dup safe),アレスの翼,,,,,,,,,Capcom,Capcom,Capcom,,,,,,,,,,,,,,,,,,,,,,,,,,,,,,,,,,,,,High,Stage‑1: high‑confidence pair (to verify details later),,Kept (auto),,,Tight v1,
GID-E1DA253280,,Gauntlet (dup safe),ガントレット,,,,,,,,,Atari/Tengen,Namcot?/Tengen,Tengen,,,,,,,,,,,,,,,,,,,,,,,,,,,,,,,,,,,,,Medium,Stage‑1: high‑confidence pair (to verify details later),,Kept (auto),,,Tight v1,
GID-66314033C7,,Paperboy (dup safe),ペーパー・ボーイ,,,,,,,,,Atari/Tengen,Tengen,Tengen,,,,,,,,,,,,,,,,,,,,,,,,,,,,,,,,,,,,,Medium,Stage‑1: high‑confidence pair (to verify details later),,Kept (auto),,,Tight v1,
GID-59CB825332,,Marble Madness (dup safe),マーブルマッドネス,,,,,,,,,Atari/Tengen,Namcot?,Tengen,,,,,,,,,,,,,,,,,,,,,,,,,,,,,,,,,,,,,Medium,Stage‑1: high‑confidence pair (to verify details later),,Kept (auto),,,Tight v1,
GID-60E47683EC,,Adventure Island (dup safe),高橋名人の冒険島,,,,,,,,,Hudson Soft,Hudson Soft,Hudson Soft,,,,,,,,,,,,,,,,,,,,,,,,,,,,,,,,,,,,,High,Stage‑1: high‑confidence pair (to verify details later),,Kept (auto),,,Tight v1,
GID-CE93C5DF21,,Adventure Island II (dup safe),高橋名人の冒険島II,,,,,,,,,Hudson Soft,Hudson Soft,Hudson Soft,,,,,,,,,,,,,,,,,,,,,,,,,,,,,,,,,,,,,High,Stage‑1: high‑confidence pair (to verify details later),,Kept (auto),,,Tight v1,
GID-0A251B1249,,Adventure Island III (dup safe),高橋名人の冒険島III,,,,,,,,,Hudson Soft,Hudson Soft,Hudson Soft,,,,,,,,,,,,,,,,,,,,,,,,,,,,,,,,,,,,,High,Stage‑1: high‑confidence pair (to verify details later),,Kept (auto),,,Tight v1,
GID-9E0F8A6179,,Renegade (dup safe),熱血硬派くにおくん,,,,,,,,,Technōs Japan,Technōs Japan,Taito,,,,,,,,,,,,,,,,,,,,,,,,,,,,,,,,,,,,,High,Stage‑1: high‑confidence pair (to verify details later),,Kept (auto),,,Tight v1,
GID-D61721BCC1,,Captain Tsubasa (pair via Tecmo Cup),キャプテン翼,,,,,,,,,Tecmo,Tecmo,Tecmo,,,,,,,,,,,,,,,,,,,,,,,,,,,,,,,,,,,,,Medium,Pair via US 'Tecmo Cup',,Kept (auto),,,Tight v1,
GID-64D04E701C,,Track & Field II (dup safe),ハイパーオリンピック2,,,,,,,,,Konami,Konami,Konami,,,,,,,,,,,,,,,,,,,,,,,,,,,,,,,,,,,,,High,Stage‑1: high‑confidence pair (to verify details later),,Kept (auto),,,Tight v1,
GID-382B287FB3,,Princess Tomato (dup safe),サラダの国のトマト姫,,,,,,,,,Hudson Soft,Hudson Soft,Hudson Soft,,,,,,,,,,,,,,,,,,,,,,,,,,,,,,,,,,,,,High,Stage‑1: high‑confidence pair (to verify details later),,Kept (auto),,,Tight v1,
GID-ADC2CCA10D,,Air Fortress (dup safe),エアー・フォートレス,,,,,,,,,HAL Laboratory,HAL,HAL America,,,,,,,,,,,,,,,,,,,,,,,,,,,,,,,,,,,,,High,Stage‑1: high‑confidence pair (to verify details later),,Kept (auto),,,Tight v1,
GID-DE8A34888E,,Destiny of an Emperor (dup safe),天地を喰らう,,,,,,,,,Capcom,Capcom,Capcom,,,,,,,,,,,,,,,,,,,,,,,,,,,,,,,,,,,,,High,Stage‑1: high‑confidence pair (to verify details later),,Kept (auto),,,Tight v1,
GID-3880B24D6D,,S.C.A.T. (dup safe),ファイナルミッション,,,,,,,,,Natsume,Natsume,Natsume,,,,,,,,,,,,,,,,,,,,,,,,,,,,,,,,,,,,,High,Stage‑1: high‑confidence pair (to verify details later),,Kept (auto),,,Tight v1,
GID-AE7869F14B,,Karate Champ (dup safe),カラテチャンプ,,,,,,,,,Data East,Data East,Data East,,,,,,,,,,,,,,,,,,,,,,,,,,,,,,,,,,,,,High,Stage‑1: high‑confidence pair (to verify details later),,Kept (auto),,,Tight v1,
GID-F12D27D771,,Xevious (dup safe),ゼビウス,,,,,,,,,Namco,Namco,Bandai,,,,,,,,,,,,,,,,,,,,,,,,,,,,,,,,,,,,,High,Stage‑1: high‑confidence pair (to verify details later),,Kept (auto),,,Tight v1,
GID-3F99E0309A,,Galaga (dup safe),ギャラガ,,,,,,,,,Namco,Namco,Bandai,,,,,,,,,,,,,,,,,,,,,,,,,,,,,,,,,,,,,High,Stage‑1: high‑confidence pair (to verify details later),,Kept (auto),,,Tight v1,
GID-86C872F202,,Kid Niki: Radical Ninja (dup safe),怪傑ヤンチャ丸,,,,,,,,,Irem,Irem,Data East,,,,,,,,,,,,,,,,,,,,,,,,,,,,,,,,,,,,,High,Stage‑1: high‑confidence pair (to verify details later),,Kept (auto),,,Tight v1,
GID-8738F00949,,Legend of Kage (dup safe),影の伝説,,,,,,,,,Taito,Taito,Taito,,,,,,,,,,,,,,,,,,,,,,,,,,,,,,,,,,,,,High,Stage‑1: high‑confidence pair (to verify details later),,Kept (auto),,,Tight v1,
GID-0B32205958,,Operation Wolf (dup safe),オペレーションウルフ,,,,,,,,,Taito,Taito,Taito,,,,,,,,,,,,,,,,,,,,,,,,,,,,,,,,,,,,,High,Stage‑1: high‑confidence pair (to verify details later),,Kept (auto),,,Tight v1,
GID-DE297D31D0,,River City Ransom (dup safe),ダウンタウン熱血物語,,,,,,,,,Technōス Japan,Technōス Japan,Technōス Japan,,,,,,,,,,,,,,,,,,,,,,,,,,,,,,,,,,,,,High,Stage‑1: high‑confidence pair (to verify details later),,Kept (auto),,,Tight v1,
GID-BAD1C2500D,,Castlevania,悪魔城ドラキュラ,,,,,,,,,Konami,Konami,Konami,,,,,,,,,,,,,,,,,,,,,,,,,,,,,,,,,,,,,High,,,Kept (auto),,,Tight v1,
GID-B6BDD62231,,Castlevania II: Simon's Quest,ドラキュラII 呪いの封印,,,,,,,,,Konami,Konami,Konami,,,,,,,,,,,,,,,,,,,,,,,,,,,,,,,,,,,,,High,,,Kept (auto),,,Tight v1,
GID-BAD1C2500D,,Castlevania III: Dracula's Curse,悪魔城伝説,,,,,,,,,Konami,Konami,Konami,,,,,,,,,,,,,,,,,,,,,,,,,,,,,,,,,,,,,High,JP VRC6 vs NA MMC5,,Kept (auto),,,Tight v1,
GID-BAD1C2500D,,Contra,魂斗羅,,,,,,,,,Konami,Konami,Konami,,,,,,,,,,,,,,,,,,,,,,,,,,,,,,,,,,,,,High,,,Kept (auto),,,Tight v1,
GID-BAD1C2500D,,Super C,スーパー魂斗羅,,,,,,,,,Konami,Konami,Konami,,,,,,,,,,,,,,,,,,,,,,,,,,,,,,,,,,,,,High,,,Kept (auto),,,Tight v1,
GID-BAD1C2500D,,Gradius,グラディウス,,,,,,,,,Konami,Konami,Konami,,,,,,,,,,,,,,,,,,,,,,,,,,,,,,,,,,,,,High,,,Kept (auto),,,Tight v1,
GID-BAD1C2500D,,Life Force,沙羅曼蛇,,,,,,,,,Konami,Konami,Konami,,,,,,,,,,,,,,,,,,,,,,,,,,,,,,,,,,,,,High,,,Kept (auto),,,Tight v1,
GID-77D75D7B9F,,The Goonies II,グーニーズ2,,,,,,,,,Konami,Konami,Konami,,,,,,,,,,,,,,,,,,,,,,,,,,,,,,,,,,,,,High,,,Kept (auto),,,Tight v1,
GID-BAD1C2500D,,Jackal,赤い要塞,,,,,,,,,Konami,Konami,Konami,,,,,,,,,,,,,,,,,,,,,,,,,,,,,,,,,,,,,High,,,Kept (auto),,,Tight v1,
GID-BAD1C2500D,,Top Gun,トップガン,,,,,,,,,Konami,Konami,Konami,,,,,,,,,,,,,,,,,,,,,,,,,,,,,,,,,,,,,High,,,Kept (auto),,,Tight v1,
GID-BAD1C2500D,,Metal Gear,メタルギア,,,,,,,,,Konami,Konami,Ultra Games,,,,,,,,,,,,,,,,,,,,,,,,,,,,,,,,,,,,,High,US by Ultra,,Kept (auto),,,Tight v1,
GID-BAD1C2500D,,Blades of Steel,アイスホッケー,,,,,,,,,Konami,Konami,Konami,,,,,,,,,,,,,,,,,,,,,,,,,,,,,,,,,,,,,Medium,,,Kept (auto),,,Tight v1,
GID-BAD1C2500D,,Double Dribble,ダブルドリブル,,,,,,,,,Konami,Konami,Konami,,,,,,,,,,,,,,,,,,,,,,,,,,,,,,,,,,,,,High,,,Kept (auto),,,Tight v1,
GID-BAD1C2500D,,Rush'n Attack,グリーンベレー,,,,,,,,,Konami,Konami,Konami,,,,,,,,,,,,,,,,,,,,,,,,,,,,,,,,,,,,,High,,,Kept (auto),,,Tight v1,
GID-BAD1C2500D,,Teenage Mutant Ninja Turtles,ミュータント・タートルズ,,,,,,,,,Konami,Konami,Ultra Games,,,,,,,,,,,,,,,,,,,,,,,,,,,,,,,,,,,,,High,,,Kept (auto),,,Tight v1,
GID-77D75D7B9F,,Teenage Mutant Ninja Turtles II: The Arcade Game,ミュータント・タートルズ2,,,,,,,,,Konami,Konami,Konami,,,,,,,,,,,,,,,,,,,,,,,,,,,,,,,,,,,,,Medium,,,Kept (auto),,,Tight v1,
GID-9FDD8E3D53,,Teenage Mutant Ninja Turtles III: The Manhattan Project,ミュータント・タートルズ3,,,,,,,,,Konami,Konami,Konami,,,,,,,,,,,,,,,,,,,,,,,,,,,,,,,,,,,,,Medium,,,Kept (auto),,,Tight v1,
GID-87FBD8D004,,Mega Man,ロックマン,,,,,,,,,Capcom,Capcom,Capcom,,,,,,,,,,,,,,,,,,,,,,,,,,,,,,,,,,,,,High,,,Kept (auto),,,Tight v1,
GID-1B405AF390,,Mega Man 2,ロックマン2,,,,,,,,,Capcom,Capcom,Capcom,,,,,,,,,,,,,,,,,,,,,,,,,,,,,,,,,,,,,High,,,Kept (auto),,,Tight v1,
GID-2996711D3A,,Mega Man 3,ロックマン3,,,,,,,,,Capcom,Capcom,Capcom,,,,,,,,,,,,,,,,,,,,,,,,,,,,,,,,,,,,,High,,,Kept (auto),,,Tight v1,
GID-5116C83CD8,,Mega Man 4,ロックマン4,,,,,,,,,Capcom,Capcom,Capcom,,,,,,,,,,,,,,,,,,,,,,,,,,,,,,,,,,,,,High,,,Kept (auto),,,Tight v1,
GID-DFB2AD9AD6,,Mega Man 5,ロックマン5,,,,,,,,,Capcom,Capcom,Capcom,,,,,,,,,,,,,,,,,,,,,,,,,,,,,,,,,,,,,High,,,Kept (auto),,,Tight v1,
GID-6FDF477979,,Mega Man 6,ロックマン6,,,,,,,,,Capcom,Capcom,Capcom,,,,,,,,,,,,,,,,,,,,,,,,,,,,,,,,,,,,,High,,,Kept (auto),,,Tight v1,
GID-87FBD8D004,,DuckTales,ダックテイルズ,,,,,,,,,Capcom,Capcom,Capcom,,,,,,,,,,,,,,,,,,,,,,,,,,,,,,,,,,,,,High,,,Kept (auto),,,Tight v1,
GID-1B405AF390,,DuckTales 2,ダックテイルズ2,,,,,,,,,Capcom,Capcom,Capcom,,,,,,,,,,,,,,,,,,,,,,,,,,,,,,,,,,,,,High,,,Kept (auto),,,Tight v1,
GID-87FBD8D004,,Chip 'n Dale: Rescue Rangers,チップとデールの大作戦,,,,,,,,,Capcom,Capcom,Capcom,,,,,,,,,,,,,,,,,,,,,,,,,,,,,,,,,,,,,High,,,Kept (auto),,,Tight v1,
GID-1B405AF390,,Chip 'n Dale: Rescue Rangers 2,チップとデールの大作戦2,,,,,,,,,Capcom,Capcom,Capcom,,,,,,,,,,,,,,,,,,,,,,,,,,,,,,,,,,,,,High,,,Kept (auto),,,Tight v1,
GID-87FBD8D004,,Darkwing Duck,ダークウィング・ダック,,,,,,,,,Capcom,Capcom,Capcom,,,,,,,,,,,,,,,,,,,,,,,,,,,,,,,,,,,,,High,,,Kept (auto),,,Tight v1,
GID-87FBD8D004,,The Little Mermaid,リトル・マーメイド,,,,,,,,,Capcom,Capcom,Capcom,,,,,,,,,,,,,,,,,,,,,,,,,,,,,,,,,,,,,High,,,Kept (auto),,,Tight v1,
GID-87FBD8D004,,TaleSpin,テイルスピン,,,,,,,,,Capcom,Capcom,Capcom,,,,,,,,,,,,,,,,,,,,,,,,,,,,,,,,,,,,,High,,,Kept (auto),,,Tight v1,
GID-87FBD8D004,,Bionic Commando,トップシークレット,,,,,,,,,Capcom,Capcom,Capcom,,,,,,,,,,,,,,,,,,,,,,,,,,,,,,,,,,,,,High,,,Kept (auto),,,Tight v1,
GID-87FBD8D004,,Commando,戦場の狼,,,,,,,,,Capcom,Capcom,Capcom,,,,,,,,,,,,,,,,,,,,,,,,,,,,,,,,,,,,,High,,,Kept (auto),,,Tight v1,
GID-87FBD8D004,,Ghosts 'n Goblins,魔界村,,,,,,,,,Capcom,Capcom,Capcom,,,,,,,,,,,,,,,,,,,,,,,,,,,,,,,,,,,,,High,,,Kept (auto),,,Tight v1,
GID-772BC3CC09,,1942,1942,,,,,,,,,Capcom,Capcom,Capcom,,,,,,,,,,,,,,,,,,,,,,,,,,,,,,,,,,,,,High,,,Kept (auto),,,Tight v1,
GID-0B360BDB12,,1943: The Battle of Midway,1943 ミッドウェイ海戦,,,,,,,,,Capcom,Capcom,Capcom,,,,,,,,,,,,,,,,,,,,,,,,,,,,,,,,,,,,,High,,,Kept (auto),,,Tight v1,
GID-C42F404E66,,Section-Z,セクションZ,,,,,,,,,Capcom,Capcom,Capcom,,,,,,,,,,,,,,,,,,,,,,,,,,,,,,,,,,,,,High,,,Kept (auto),,,Tight v1,
GID-87FBD8D004,,Legendary Wings,アレスの翼,,,,,,,,,Capcom,Capcom,Capcom,,,,,,,,,,,,,,,,,,,,,,,,,,,,,,,,,,,,,High,,,Kept (auto),,,Tight v1,
GID-87FBD8D004,,Strider,ストライダー飛竜,,,,,,,,,Capcom,Capcom,Capcom,,,,,,,,,,,,,,,,,,,,,,,,,,,,,,,,,,,,,High,,,Kept (auto),,,Tight v1,
GID-0CC1C5F4F3,,Ninja Gaiden,忍者龍剣伝,,,,,,,,,Tecmo,Tecmo,Tecmo,,,,,,,,,,,,,,,,,,,,,,,,,,,,,,,,,,,,,High,,,Kept (auto),,,Tight v1,
GID-670243D090,,Ninja Gaiden II: The Dark Sword of Chaos,忍者龍剣伝II,,,,,,,,,Tecmo,Tecmo,Tecmo,,,,,,,,,,,,,,,,,,,,,,,,,,,,,,,,,,,,,High,,,Kept (auto),,,Tight v1,
GID-89735752B9,,Ninja Gaiden III: The Ancient Ship of Doom,忍者龍剣伝III,,,,,,,,,Tecmo,Tecmo,Tecmo,,,,,,,,,,,,,,,,,,,,,,,,,,,,,,,,,,,,,High,,,Kept (auto),,,Tight v1,
GID-BEB8354D2B,,Dragon Warrior,ドラゴンクエスト,,,,,,,,,Chunsoft/Enix,Enix,Nintendo/Enix,,,,,,,,,,,,,,,,,,,,,,,,,,,,,,,,,,,,,High,US by Nintendo,,Kept (auto),,,Tight v1,
GID-9DCFFB60A0,,Dragon Warrior II,ドラゴンクエストII,,,,,,,,,Chunsoft/Enix,Enix,Enix,,,,,,,,,,,,,,,,,,,,,,,,,,,,,,,,,,,,,High,,,Kept (auto),,,Tight v1,
GID-BDEF284002,,Dragon Warrior III,ドラゴンクエストIII,,,,,,,,,Chunsoft/Enix,Enix,Enix,,,,,,,,,,,,,,,,,,,,,,,,,,,,,,,,,,,,,High,,,Kept (auto),,,Tight v1,
GID-F96A95172A,,Dragon Warrior IV,ドラゴンクエストIV,,,,,,,,,Chunsoft/Enix,Enix,Enix,,,,,,,,,,,,,,,,,,,,,,,,,,,,,,,,,,,,,High,,,Kept (auto),,,Tight v1,
GID-4E5E68C327,,Final Fantasy,ファイナルファンタジー,,,,,,,,,Square,Square,Nintendo/Square,,,,,,,,,,,,,,,,,,,,,,,,,,,,,,,,,,,,,High,US by Nintendo,,Kept (auto),,,Tight v1,
GID-9C6E6C0535,,Little Samson,聖鈴伝説リックル,,,,,,,,,Takeru,Takeru,Taito,,,,,,,,,,,,,,,,,,,,,,,,,,,,,,,,,,,,,High,,,Kept (auto),,,Tight v1,
GID-EED085FDD3,,Crystalis,ゴッド・スレイヤー,,,,,,,,,SNK,SNK,SNK,,,,,,,,,,,,,,,,,,,,,,,,,,,,,,,,,,,,,High,,,Kept (auto),,,Tight v1,
GID-59DD784A06,,The Guardian Legend,ガーディック外伝,,,,,,,,,Compile,Irem,Broderbund,,,,,,,,,,,,,,,,,,,,,,,,,,,,,,,,,,,,,High,,,Kept (auto),,,Tight v1,
GID-14ECB4BAC3,,Blaster Master,メタファイト,,,,,,,,,Sunsoft,Sunsoft,Sunsoft,,,,,,,,,,,,,,,,,,,,,,,,,,,,,,,,,,,,,High,,,Kept (auto),,,Tight v1,
GID-0CC1C5F4F3,,Rygar,アルゴスの戦士,,,,,,,,,Tecmo,Tecmo,Tecmo,,,,,,,,,,,,,,,,,,,,,,,,,,,,,,,,,,,,,High,,,Kept (auto),,,Tight v1,
GID-59DD784A06,,Zanac,ザナック,,,,,,,,,Compile,Pony Canyon,FCI,,,,,,,,,,,,,,,,,,,,,,,,,,,,,,,,,,,,,High,,,Kept (auto),,,Tight v1,
GID-B6C3DABB6F,,Star Soldier,スターソルジャー,,,,,,,,,Hudson Soft,Hudson Soft,Taxan/Hudson?,,,,,,,,,,,,,,,,,,,,,,,,,,,,,,,,,,,,,Medium,,,Kept (auto),,,Tight v1,
GID-0191A663BF,,Star Force,スターフォース,,,,,,,,,Hudson / Tecmo,Hudson/TECMO?,Tecmo,,,,,,,,,,,,,,,,,,,,,,,,,,,,,,,,,,,,,Medium,,,Kept (auto),,,Tight v1,
GID-E8DABACCE3,,Dragon Spirit: The New Legend,ドラゴンスピリット 新たなる伝説,,,,,,,,,Namco,Namco,Namco,,,,,,,,,,,,,,,,,,,,,,,,,,,,,,,,,,,,,High,,,Kept (auto),,,Tight v1,
GID-D4F5DA7431,,Shadow of the Ninja,影,,,,,,,,,Natsume,Natsume,Natsume,,,,,,,,,,,,,,,,,,,,,,,,,,,,,,,,,,,,,High,,,Kept (auto),,,Tight v1,
GID-D4F5DA7431,,Power Blade,パワーブレイザー,,,,,,,,,Natsume,Taito,Taito,,,,,,,,,,,,,,,,,,,,,,,,,,,,,,,,,,,,,High,,,Kept (auto),,,Tight v1,
GID-5657E78183,,Wall Street Kid,ザ・マネーゲームII,,,,,,,,,Sofel,Sofel,Sofel,,,,,,,,,,,,,,,,,,,,,,,,,,,,,,,,,,,,,High,,,Kept (auto),,,Tight v1,
GID-4E1157B7F6,,Super Mario Bros.,スーパーマリオブラザーズ,,,,,,,,,Nintendo,Nintendo,Nintendo,,,,,,,,,,,,,,,,,,,,,,,,,,,,,,,,,,,,,High,,,Kept (auto),,,Tight v1,
GID-4ECA3D981D,,Super Mario Bros. 2,スーパーマリオUSA,,,,,,,,,Nintendo,Nintendo,Nintendo,,,,,,,,,,,,,,,,,,,,,,,,,,,,,,,,,,,,,High,,,Kept (auto),,,Tight v1,
GID-2EBFBDB042,,Super Mario Bros. 3,スーパーマリオブラザーズ3,,,,,,,,,Nintendo,Nintendo,Nintendo,,,,,,,,,,,,,,,,,,,,,,,,,,,,,,,,,,,,,High,,,Kept (auto),,,Tight v1,
GID-4E1157B7F6,,The Legend of Zelda,ゼルダの伝説,,,,,,,,,Nintendo,Nintendo,Nintendo,,,,,,,,,,,,,,,,,,,,,,,,,,,,,,,,,,,,,High,,,Kept (auto),,,Tight v1,
GID-4E1157B7F6,,Zelda II: The Adventure of Link,リンクの冒険,,,,,,,,,Nintendo,Nintendo,Nintendo,,,,,,,,,,,,,,,,,,,,,,,,,,,,,,,,,,,,,High,,,Kept (auto),,,Tight v1,
GID-4E1157B7F6,,Metroid,メトロイド,,,,,,,,,Nintendo,Nintendo,Nintendo,,,,,,,,,,,,,,,,,,,,,,,,,,,,,,,,,,,,,High,,,Kept (auto),,,Tight v1,
GID-4E1157B7F6,,Kid Icarus,光神話 パルテナの鏡,,,,,,,,,Nintendo,Nintendo,Nintendo,,,,,,,,,,,,,,,,,,,,,,,,,,,,,,,,,,,,,High,,,Kept (auto),,,Tight v1,
GID-4E1157B7F6,,Punch-Out!!,パンチアウト!!,,,,,,,,,Nintendo,Nintendo,Nintendo,,,,,,,,,,,,,,,,,,,,,,,,,,,,,,,,,,,,,High,JP 'Mr. Dream' build known via FamicomBox; early 'Punch-Out Special' noted.,,Kept (auto),Yes (JP Mr. Dream build),,Tight v1,
GID-4E1157B7F6,,Excitebike,エキサイトバイク,,,,,,,,,Nintendo,Nintendo,Nintendo,,,,,,,,,,,,,,,,,,,,,,,,,,,,,,,,,,,,,High,,,Kept (auto),,,Tight v1,
GID-4E1157B7F6,,Wrecking Crew,レッキングクルー,,,,,,,,,Nintendo,Nintendo,Nintendo,,,,,,,,,,,,,,,,,,,,,,,,,,,,,,,,,,,,,High,,,Kept (auto),,,Tight v1,
GID-4E1157B7F6,,Hogan's Alley,ホーガンズアレイ,,,,,,,,,Nintendo,Nintendo,Nintendo,,,,,,,,,,,,,,,,,,,,,,,,,,,,,,,,,,,,,High,,,Kept (auto),,,Tight v1,
GID-4E1157B7F6,,Wild Gunman,ワイルドガンマン,,,,,,,,,Nintendo,Nintendo,Nintendo,,,,,,,,,,,,,,,,,,,,,,,,,,,,,,,,,,,,,High,,,Kept (auto),,,Tight v1,
GID-4E1157B7F6,,Duck Hunt,ダックハント,,,,,,,,,Nintendo,Nintendo,Nintendo,,,,,,,,,,,,,,,,,,,,,,,,,,,,,,,,,,,,,High,,,Kept (auto),,,Tight v1,
GID-4E1157B7F6,,Golf,ゴルフ,,,,,,,,,Nintendo,Nintendo,Nintendo,,,,,,,,,,,,,,,,,,,,,,,,,,,,,,,,,,,,,High,,,Kept (auto),,,Tight v1,
GID-4E1157B7F6,,Baseball,ベースボール,,,,,,,,,Nintendo,Nintendo,Nintendo,,,,,,,,,,,,,,,,,,,,,,,,,,,,,,,,,,,,,High,,,Kept (auto),,,Tight v1,
GID-4E1157B7F6,,Donkey Kong,ドンキーコング,,,,,,,,,Nintendo,Nintendo,Nintendo,,,,,,,,,,,,,,,,,,,,,,,,,,,,,,,,,,,,,High,,,Kept (auto),,,Tight v1,
GID-A1CF0DAB61,,Donkey Kong Jr.,ドンキーコングJR.,,,,,,,,,Nintendo,Nintendo,Nintendo,,,,,,,,,,,,,,,,,,,,,,,,,,,,,,,,,,,,,High,,,Kept (auto),,,Tight v1,
GID-2EBFBDB042,,Donkey Kong 3,ドンキーコング3,,,,,,,,,Nintendo,Nintendo,Nintendo,,,,,,,,,,,,,,,,,,,,,,,,,,,,,,,,,,,,,High,,,Kept (auto),,,Tight v1,
GID-4E1157B7F6,,Popeye,ポパイ,,,,,,,,,Nintendo,Nintendo,Nintendo,,,,,,,,,,,,,,,,,,,,,,,,,,,,,,,,,,,,,High,,,Kept (auto),,,Tight v1,
GID-1515EA25EE,,Kung Fu,スパルタンX,,,,,,,,,Irem / Nintendo,Irem,Nintendo,,,,,,,,,,,,,,,,,,,,,,,,,,,,,,,,,,,,,High,,,Kept (auto),,,Tight v1,
GID-B6C3DABB6F,,Adventure Island,高橋名人の冒険島,,,,,,,,,Hudson Soft,Hudson Soft,Hudson Soft,,,,,,,,,,,,,,,,,,,,,,,,,,,,,,,,,,,,,High,,,Kept (auto),,,Tight v1,
GID-59B4956B8A,,Adventure Island II,高橋名人の冒険島II,,,,,,,,,Hudson Soft,Hudson Soft,Hudson Soft,,,,,,,,,,,,,,,,,,,,,,,,,,,,,,,,,,,,,High,,,Kept (auto),,,Tight v1,
GID-DBE40FC3F4,,Adventure Island III,高橋名人の冒険島III,,,,,,,,,Hudson Soft,Hudson Soft,Hudson Soft,,,,,,,,,,,,,,,,,,,,,,,,,,,,,,,,,,,,,High,,,Kept (auto),,,Tight v1,
GID-B6C3DABB6F,,Bomberman,ボンバーマン,,,,,,,,,Hudson Soft,Hudson Soft,Hudson Soft,,,,,,,,,,,,,,,,,,,,,,,,,,,,,,,,,,,,,High,,,Kept (auto),,,Tight v1,
GID-59B4956B8A,,Bomberman II,ボンバーマンII,,,,,,,,,Hudson Soft,Hudson Soft,Hudson Soft,,,,,,,,,,,,,,,,,,,,,,,,,,,,,,,,,,,,,High,,,Kept (auto),,,Tight v1,
GID-70DF796639,,Lode Runner,ロードランナー,,,,,,,,,Hudson / Brøderbund,Hudson,Brøderbund,,,,,,,,,,,,,,,,,,,,,,,,,,,,,,,,,,,,,High,,,Kept (auto),,,Tight v1,
GID-B6C3DABB6F,,Milon's Secret Castle,迷宮組曲,,,,,,,,,Hudson Soft,Hudson Soft,Hudson Soft,,,,,,,,,,,,,,,,,,,,,,,,,,,,,,,,,,,,,High,,,Kept (auto),,,Tight v1,
GID-14ECB4BAC3,,Journey to Silius,ラフワールド,,,,,,,,,Sunsoft,Sunsoft,Sunsoft,,,,,,,,,,,,,,,,,,,,,,,,,,,,,,,,,,,,,High,,,Kept (auto),,,Tight v1,
GID-14ECB4BAC3,,Batman,バットマン,,,,,,,,,Sunsoft,Sunsoft,Sunsoft,,,,,,,,,,,,,,,,,,,,,,,,,,,,,,,,,,,,,High,,,Kept (auto),,,Tight v1,
GID-EED085FDD3,,Ikari Warriors,怒,,,,,,,,,SNK,SNK,SNK,,,,,,,,,,,,,,,,,,,,,,,,,,,,,,,,,,,,,High,,,Kept (auto),,,Tight v1,
GID-14AA134F2C,,Ikari Warriors II: Victory Road,怒II ビクトリーロード,,,,,,,,,SNK,SNK,SNK,,,,,,,,,,,,,,,,,,,,,,,,,,,,,,,,,,,,,High,,,Kept (auto),,,Tight v1,
GID-EED085FDD3,,Athena,アテナ,,,,,,,,,SNK,SNK,SNK,,,,,,,,,,,,,,,,,,,,,,,,,,,,,,,,,,,,,High,,,Kept (auto),,,Tight v1,
GID-EED085FDD3,,Guerrilla War,ゲバラ,,,,,,,,,SNK,SNK,SNK,,,,,,,,,,,,,,,,,,,,,,,,,,,,,,,,,,,,,High,,,Kept (auto),,,Tight v1,
GID-6A97425183,,Bubble Bobble,バブルボブル,,,,,,,,,Taito,Taito,Taito,,,,,,,,,,,,,,,,,,,,,,,,,,,,,,,,,,,,,High,,,Kept (auto),,,Tight v1,
GID-4DE0695D07,,Bubble Bobble Part 2,バブルボブル2,,,,,,,,,Taito,Taito,Taito,,,,,,,,,,,,,,,,,,,,,,,,,,,,,,,,,,,,,High,,,Kept (auto),,,Tight v1,
GID-C0E83A4451,,RoboWarrior,ボンバーキング,,,,,,,,,Hudson / Aicom,Hudson,Jaleco,,,,,,,,,,,,,,,,,,,,,,,,,,,,,,,,,,,,,High,,,Kept (auto),,,Tight v1,
GID-0CC1C5F4F3,,Solomon's Key,ソロモンの鍵,,,,,,,,,Tecmo,Tecmo,Tecmo,,,,,,,,,,,,,,,,,,,,,,,,,,,,,,,,,,,,,High,,,Kept (auto),,,Tight v1,
GID-0CC1C5F4F3,,Mighty Bomb Jack,マイティボンジャック,,,,,,,,,Tecmo,Tecmo,Tecmo,,,,,,,,,,,,,,,,,,,,,,,,,,,,,,,,,,,,,High,,,Kept (auto),,,Tight v1,
GID-B7053A94A8,,Romance of the Three Kingdoms,三國志,,,,,,,,,Koei,Koei,Koei,,,,,,,,,,,,,,,,,,,,,,,,,,,,,,,,,,,,,High,,,Kept (auto),,,Tight v1,
GID-35D4686711,,Romance of the Three Kingdoms II,三國志II,,,,,,,,,Koei,Koei,Koei,,,,,,,,,,,,,,,,,,,,,,,,,,,,,,,,,,,,,High,,,Kept (auto),,,Tight v1,
GID-B7053A94A8,,Nobunaga's Ambition,信長の野望,,,,,,,,,Koei,Koei,Koei,,,,,,,,,,,,,,,,,,,,,,,,,,,,,,,,,,,,,High,,,Kept (auto),,,Tight v1,
GID-35D4686711,,Nobunaga's Ambition II,信長の野望II,,,,,,,,,Koei,Koei,Koei,,,,,,,,,,,,,,,,,,,,,,,,,,,,,,,,,,,,,High,,,Kept (auto),,,Tight v1,
GID-B7053A94A8,,Bandit Kings of Ancient China,水滸伝・天命の誓い,,,,,,,,,Koei,Koei,Koei,,,,,,,,,,,,,,,,,,,,,,,,,,,,,,,,,,,,,High,,,Kept (auto),,,Tight v1,
GID-B7053A94A8,,Genghis Khan,蒼き狼と白き牝鹿,,,,,,,,,Koei,Koei,Koei,,,,,,,,,,,,,,,,,,,,,,,,,,,,,,,,,,,,,High,,,Kept (auto),,,Tight v1,
GID-B7053A94A8,,Uncharted Waters,大航海時代,,,,,,,,,Koei,Koei,Koei,,,,,,,,,,,,,,,,,,,,,,,,,,,,,,,,,,,,,High,,,Kept (auto),,,Tight v1,
GID-87FBD8D004,,Willow,ウィロー,,,,,,,,,Capcom,Capcom,Capcom,,,,,,,,,,,,,,,,,,,,,,,,,,,,,,,,,,,,,High,,,Kept (auto),,,Tight v1,
GID-B6E712DF71,,Little Nemo: The Dream Master,パジャマヒーロー NEMO,,,,,,,,,Capcom,Capcom,Capcom,,,,,,,,,,,,,,,,,,,,,,,,,,,,,,,,,,,,,High,,,Kept (auto),,,Tight v1,
GID-87FBD8D004,,Gun.Smoke,ガンスモーク,,,,,,,,,Capcom,Capcom,Capcom,,,,,,,,,,,,,,,,,,,,,,,,,,,,,,,,,,,,,High,,,Kept (auto),,,Tight v1,
GID-6A97425183,,Legend of Kage,影の伝説,,,,,,,,,Taito,Taito,Taito,,,,,,,,,,,,,,,,,,,,,,,,,,,,,,,,,,,,,High,,,Kept (auto),,,Tight v1,
GID-ACB38C63FC,,Kid Niki: Radical Ninja,怪傑ヤンチャ丸,,,,,,,,,Irem,Irem,Data East,,,,,,,,,,,,,,,,,,,,,,,,,,,,,,,,,,,,,High,,,Kept (auto),,,Tight v1,
GID-B7053A94A8,,L'Empereur,ランペルール,,,,,,,,,Koei,Koei,Koei,,,,,,,,,,,,,,,,,,,,,,,,,,,,,,,,,,,,,High,,,Kept (auto),,,Tight v1,
GID-B29ECE0A4E,,Adventures of Lolo,アドベンチャーズ オブ ロロ,,,,,,,,,HAL Laboratory,HAL,HAL,,,,,,,,,,,,,,,,,,,,,,,,,,,,,,,,,,,,,High,,,Kept (auto),,,Tight v1,
GID-53E880835D,,Adventures of Lolo 2,アドベンチャーズ オブ ロロ2,,,,,,,,,HAL Laboratory,HAL,HAL,,,,,,,,,,,,,,,,,,,,,,,,,,,,,,,,,,,,,High,,,Kept (auto),,,Tight v1,
GID-9A41E80513,,Adventures of Lolo 3,アドベンチャーズ オブ ロロ3,,,,,,,,,HAL Laboratory,HAL,HAL,,,,,,,,,,,,,,,,,,,,,,,,,,,,,,,,,,,,,High,,,Kept (auto),,,Tight v1,
GID-ACB38C63FC,,Kickle Cubicle,迷宮島,,,,,,,,,Irem,Irem,Irem,,,,,,,,,,,,,,,,,,,,,,,,,,,,,,,,,,,,,High,,,Kept (auto),,,Tight v1,
GID-ACB38C63FC,,Deadly Towers,魔鐘,,,,,,,,,Irem,Irem,Brøderbund,,,,,,,,,,,,,,,,,,,,,,,,,,,,,,,,,,,,,High,,,Kept (auto),,,Tight v1,
GID-A340A50EB4,,10-Yard Fight,10ヤードファイト,,,,,,,,,Irem,Irem,Nintendo,,,,,,,,,,,,,,,,,,,,,,,,,,,,,,,,,,,,,High,,,Kept (auto),,,Tight v1,
GID-ACB38C63FC,,Spelunker,スペランカー,,,,,,,,,Irem,Irem,Brøderbund,,,,,,,,,,,,,,,,,,,,,,,,,,,,,,,,,,,,,High,,,Kept (auto),,,Tight v1,
GID-ACB38C63FC,,Sqoon,スクーン,,,,,,,,,Irem,Irem,Irem,,,,,,,,,,,,,,,,,,,,,,,,,,,,,,,,,,,,,High,,,Kept (auto),,,Tight v1,
GID-4BEA054EB3,,Karnov,カルノフ,,,,,,,,,Data East,Data East,Data East,,,,,,,,,,,,,,,,,,,,,,,,,,,,,,,,,,,,,High,,,Kept (auto),,,Tight v1,
GID-34C0BE4DB9,,City Connection,シティコネクション,,,,,,,,,Jaleco,Jaleco,Jaleco,,,,,,,,,,,,,,,,,,,,,,,,,,,,,,,,,,,,,High,,,Kept (auto),,,Tight v1,
GID-34C0BE4DB9,,Bases Loaded,燃えろ!!プロ野球,,,,,,,,,Jaleco,Jaleco,Jaleco,,,,,,,,,,,,,,,,,,,,,,,,,,,,,,,,,,,,,High,,,Kept (auto),,,Tight v1,
GID-5BFC0BFB67,,Bases Loaded II,燃えろ!!プロ野球II,,,,,,,,,Jaleco,Jaleco,Jaleco,,,,,,,,,,,,,,,,,,,,,,,,,,,,,,,,,,,,,High,,,Kept (auto),,,Tight v1,
GID-34C0BE4DB9,,Racket Attack,燃えろ!!テニス,,,,,,,,,Jaleco,Jaleco,Jaleco,,,,,,,,,,,,,,,,,,,,,,,,,,,,,,,,,,,,,High,,,Kept (auto),,,Tight v1,
GID-34C0BE4DB9,,Goal!,燃えろ!!サッカー,,,,,,,,,Jaleco,Jaleco,Jaleco,,,,,,,,,,,,,,,,,,,,,,,,,,,,,,,,,,,,,High,,,Kept (auto),,,Tight v1,
GID-3A131C223F,,Dragon Power,ドラゴンボール 神龍の謎,,,,,,,,,Bandai,Bandai,Bandai,,,,,,,,,,,,,,,,,,,,,,,,,,,,,,,,,,,,,High,,,Kept (auto),,,Tight v1,
GID-C6C048E08D,,Fist of the North Star,北斗の拳,,,,,,,,,Toei/Bandai,Bandai,Bandai,,,,,,,,,,,,,,,,,,,,,,,,,,,,,,,,,,,,,Medium,,,Kept (auto),,,Tight v1,
GID-707E6F4896,,Chubby Cherub,オバケのQ太郎 ワンワンパニック,,,,,,,,,Bandai,Bandai,Bandai,,,,,,,,,,,,,,,,,,,,,,,,,,,,,,,,,,,,,Medium,,,Kept (auto),,,Tight v1,
GID-684AA32197,,Rockin' Kats,ニューヨーク ニャンキーズ,,,,,,,,,Atlus,Atlus,Atlus,,,,,,,,,,,,,,,,,,,,,,,,,,,,,,,,,,,,,High,,,Kept (auto),,,Tight v1,
GID-12CCB9238E,,Golgo 13: Top Secret Episode,ゴルゴ13 第一章 神々の黄昏,,,,,,,,,Vic Tokai,Vic Tokai,Vic Tokai,,,,,,,,,,,,,,,,,,,,,,,,,,,,,,,,,,,,,High,,,Kept (auto),,,Tight v1,
GID-12CCB9238E,,Golgo 13: The Mafat Conspiracy,ゴルゴ13 第二章 イカロスの謎,,,,,,,,,Vic Tokai,Vic Tokai,Vic Tokai,,,,,,,,,,,,,,,,,,,,,,,,,,,,,,,,,,,,,High,,,Kept (auto),,,Tight v1,
GID-DF3C14EBDE,,Clash at Demonhead,電撃! ビッグバン!!,,,,,,,,,Vic Tokai,Vic Tokai,Vic Tokai,,,,,,,,,,,,,,,,,,,,,,,,,,,,,,,,,,,,,Medium,,,Kept (auto),,,Tight v1,
GID-DF3C14EBDE,,The Krion Conquest,まじかるキッズどろぴー,,,,,,,,,Vic Tokai,Vic Tokai,Vic Tokai,,,,,,,,,,,,,,,,,,,,,,,,,,,,,,,,,,,,,High,,,Kept (auto),,,Tight v1,Localization + content tweaks
GID-45D9581693,,Little Ninja Brothers,スーパーチャイニーズ2,,,,,,,,,Culture Brain,Culture Brain,Culture Brain,,,,,,,,,,,,,,,,,,,,,,,,,,,,,,,,,,,,,High,,,Kept (auto),,,Tight v1,
GID-CA90EF7DCE,,Kung-Fu Heroes,スーパーチャイニーズ,,,,,,,,,Culture Brain,Culture Brain,Culture Brain,,,,,,,,,,,,,,,,,,,,,,,,,,,,,,,,,,,,,High,,,Kept (auto),,,Tight v1,
GID-CA90EF7DCE,,Baseball Simulator 1.000,超人ウルトラベースボール,,,,,,,,,Culture Brain,Culture Brain,Culture Brain,,,,,,,,,,,,,,,,,,,,,,,,,,,,,,,,,,,,,High,,,Kept (auto),,,Tight v1,
GID-DE67D6DF06,,Crash 'n the Boys: Street Challenge,びっくり熱血新記録!,,,,,,,,,Technōs Japan,Technōs Japan,Technōs Japan,,,,,,,,,,,,,,,,,,,,,,,,,,,,,,,,,,,,,High,,,Kept (auto),,,Tight v1,
GID-DE67D6DF06,,Super Dodge Ball,熱血高校ドッジボール部,,,,,,,,,Technōs Japan,Technōs Japan,Technōs Japan,,,,,,,,,,,,,,,,,,,,,,,,,,,,,,,,,,,,,High,,,Kept (auto),,,Tight v1,
GID-6A97425183,,Rainbow Islands,レインボーアイランド,,,,,,,,,Taito,Taito,Taito,,,,,,,,,,,,,,,,,,,,,,,,,,,,,,,,,,,,,High,,,Kept (auto),,,Tight v1,
GID-6A97425183,,Demon Sword,不動明王伝,,,,,,,,,Taito,Taito,Taito,,,,,,,,,,,,,,,,,,,,,,,,,,,,,,,,,,,,,High,,,Kept (auto),,,Tight v1,
GID-6B605271A2,,Insector X,インセクターX,,,,,,,,,Taito,Taito,Taito,,,,,,,,,,,,,,,,,,,,,,,,,,,,,,,,,,,,,High,,,Kept (auto),,,Tight v1,
GID-0C5C53AE7F,,Wrath of the Black Manta,忍者COP サイゾウ,,,,,,,,,Taito,Taito,Taito,,,,,,,,,,,,,,,,,,,,,,,,,,,,,,,,,,,,,Medium,,,Kept (auto),,,Tight v1,
GID-14ECB4BAC3,,Batman: Return of the Joker,ダイナマイトバットマン,,,,,,,,,Sunsoft,Sunsoft,Sunsoft,,,,,,,,,,,,,,,,,,,,,,,,,,,,,,,,,,,,,High,,,Kept (auto),,,Tight v1,
GID-E8DABACCE3,,Mappy-Land,マッピーランド,,,,,,,,,Namco,Namco,Taxan,,,,,,,,,,,,,,,,,,,,,,,,,,,,,,,,,,,,,High,,,Kept (auto),,,Tight v1,
GID-D4F5DA7431,,Dragon Fighter,ドラゴンファイター,,,,,,,,,Natsume,Natsume,SOFEL,,,,,,,,,,,,,,,,,,,,,,,,,,,,,,,,,,,,,High,,,Kept (auto),,,Tight v1,Same game cross-region
GID-D4F5DA7431,,Shatterhand,特救指令ソルブレイン,,,,,,,,,Natsume,Angel/Bandai,Jaleco,,,,,,,,,,,,,,,,,,,,,,,,,,,,,,,,,,,,,High,,,Kept (auto),,,Tight v1,
GID-7B9F654241,,Spy vs. Spy,スパイvsスパイ,,,,,,,,,Kemco/First Star,Kemco,Kemco/Seika,,,,,,,,,,,,,,,,,,,,,,,,,,,,,,,,,,,,,High,,,Kept (auto),,,Tight v1,
GID-B52D0C2082,,North & South,ノース&サウス,,,,,,,,,Infogrames/Kemco,KEMCO,Seika,,,,,,,,,,,,,,,,,,,,,,,,,,,,,,,,,,,,,Medium,JP a.k.a. ノース&サウス（わくわく南北戦争）,,Kept (auto),,,Tight v1,Same game cross-region
GID-61917FCC3E,,Ultima: Exodus,ウルティマ エクソダス,,,,,,,,,Origin/Pony Canyon,Pony Canyon,FCI,,,,,,,,,,,,,,,,,,,,,,,,,,,,,,,,,,,,,High,,,Kept (auto),,,Tight v1,
GID-61917FCC3E,,Ultima: Quest of the Avatar,ウルティマ 聖者への道,,,,,,,,,Origin/Pony Canyon,Pony Canyon,FCI,,,,,,,,,,,,,,,,,,,,,,,,,,,,,,,,,,,,,High,,,Kept (auto),,,Tight v1,
GID-4E1157B7F6,,Dr. Mario,ドクターマリオ,,,,,,,,,Nintendo,Nintendo,Nintendo,,,,,,,,,,,,,,,,,,,,,,,,,,,,,,,,,,,,,High,,,Kept (auto),,,Tight v1,
GID-11F1CA7A4D,,Tetris (Nintendo),テトリス,,,,,,,,,Nintendo/BPS,Nintendo,Nintendo,,,,,,,,,,,,,,,,,,,,,,,,,,,,,,,,,,,,,Medium,,,Kept (auto),,,Tight v1,
GID-37D8FE5191,,Yoshi,ヨッシーのたまご,,,,,,,,,Game Freak / Nintendo,Nintendo,Nintendo,,,,,,,,,,,,,,,,,,,,,,,,,,,,,,,,,,,,,High,,,Kept (auto),,,Tight v1,
GID-D483047E0A,,Yoshi's Cookie,ヨッシーのクッキー,,,,,,,,,Bullet-Proof / Nintendo,Nintendo,Nintendo,,,,,,,,,,,,,,,,,,,,,,,,,,,,,,,,,,,,,High,,,Kept (auto),,,Tight v1,
GID-4E1157B7F6,,Wario's Woods,ワリオの森,,,,,,,,,Nintendo,Nintendo,Nintendo,,,,,,,,,,,,,,,,,,,,,,,,,,,,,,,,,,,,,High,,,Kept (auto),,,Tight v1,
GID-B29ECE0A4E,,Kirby's Adventure,星のカービィ 夢の泉の物語,,,,,,,,,HAL Laboratory,Nintendo,Nintendo,,,,,,,,,,,,,,,,,,,,,,,,,,,,,,,,,,,,,High,,,Kept (auto),,,Tight v1,
GID-401ED20379,,R.C. Pro-Am,R.C.プロアム,,,,,,,,,Rare,Nintendo,Nintendo,,,,,,,,,,,,,,,,,,,,,,,,,,,,,,,,,,,,,High,,,Kept (auto),,,Tight v1,
GID-A46C9EA63E,,Battletoads,バトルトード,,,,,,,,,Rare,Tradewest/Pack-In-Video?,Tradewest,,,,,,,,,,,,,,,,,,,,,,,,,,,,,,,,,,,,,High,,,Kept (auto),,,Tight v1,
GID-64532477DC,,Paperboy,ペーパー・ボーイ,,,,,,,,,Atari/Tengen,Tengen/Alt JP?,Tengen,,,,,,,,,,,,,,,,,,,,,,,,,,,,,,,,,,,,,Medium,,,Kept (auto),,,Tight v1,Same game cross-region
GID-DB05A9E459,,Gauntlet II,ガントレットII,,,,,,,,,Atari/Tengen,Tengen/Alt JP?,Tengen,,,,,,,,,,,,,,,,,,,,,,,,,,,,,,,,,,,,,Medium,,,Kept (auto),,,Tight v1,
GID-BAD1C2500D,,Gyruss,ジャイラス,,,,,,,,,Konami,Konami,Konami,,,,,,,,,,,,,,,,,,,,,,,,,,,,,,,,,,,,,High,,,Kept (auto),,,Tight v1,
GID-4BEA054EB3,,BurgerTime,バーガータイム,,,,,,,,,Data East,Data East,Data East,,,,,,,,,,,,,,,,,,,,,,,,,,,,,,,,,,,,,High,,,Kept (auto),,,Tight v1,
GID-BA7F171073,,Spy Hunter,スパイハンター,,,,,,,,,Bally Midway / Sunsoft,Sunsoft,Tengen?,,,,,,,,,,,,,,,,,,,,,,,,,,,,,,,,,,,,,Medium,,,Kept (auto),,,Tight v1,
GID-7C8C6F2A87,,Fire 'n Ice,ソロモンの鍵2,,,,,,,,,Tecmo,Tecmo,Tecmo,,,,,,,,,,,,,,,,,,,,,,,,,,,,,,,,,,,,,High,,,Kept (auto),,,Tight v1,
GID-87FBD8D004,,Mighty Final Fight,マイティファイナルファイト,,,,,,,,,Capcom,Capcom,Capcom,,,,,,,,,,,,,,,,,,,,,,,,,,,,,,,,,,,,,High,,,Kept (auto),,,Tight v1,
GID-9D2986E322,,Gargoyle's Quest II,レッドアリーマーII,,,,,,,,,Capcom,Capcom,Capcom,,,,,,,,,,,,,,,,,,,,,,,,,,,,,,,,,,,,,High,,,Kept (auto),,,Tight v1,
GID-14ECB4BAC3,,Flintstones: The Rescue of Dino & Hoppy,ザ・フリントストーン,,,,,,,,,Sunsoft,Sunsoft,Sunsoft,,,,,,,,,,,,,,,,,,,,,,,,,,,,,,,,,,,,,High,,,Kept (auto),,,Tight v1,
GID-22AAAD0A6D,,Kabuki Quantum Fighter,地獄極楽丸,,,,,,,,,HAL / Human,Toho?,HAL America,,,,,,,,,,,,,,,,,,,,,,,,,,,,,,,,,,,,,Medium,,,Kept (auto),,,Tight v1,
GID-87FBD8D004,,Code Name: Viper,人間兵器デッドフォックス,,,,,,,,,Capcom,Capcom,Capcom,,,,,,,,,,,,,,,,,,,,,,,,,,,,,,,,,,,,,High,,,Kept (auto),,,Tight v1,
GID-5B5B63EA3F,,Vice: Project Doom,ガンデック,,,,,,,,,Aicom / Sammy,Sammy,Sammy,,,,,,,,,,,,,,,,,,,,,,,,,,,,,,,,,,,,,High,,,Kept (auto),,,Tight v1,
GID-045DBBBBBD,,Metal Storm,メタルストーム,,,,,,,,,Tamtex / Irem,Irem,Irem,,,,,,,,,,,,,,,,,,,,,,,,,,,,,,,,,,,,,High,,,Kept (auto),,,Tight v1,
GID-BFBD71AEED,,Mendel Palace,クインティ,,,,,,,,,Game Freak,Namco,Hudson/CSG?,,,,,,,,,,,,,,,,,,,,,,,,,,,,,,,,,,,,,High,,,Kept (auto),,,Tight v1,
GID-BAD1C2500D,,The Adventures of Bayou Billy,マッド・シティ,,,,,,,,,Konami,Konami,Konami,,,,,,,,,,,,,,,,,,,,,,,,,,,,,,,,,,,,,High,,,Kept (auto),,,Tight v1,
GID-67D50AC630,,Adventures of Dino Riki,新人類,,,,,,,,,Hudson,Hudson,Hudson,,,,,,,,,,,,,,,,,,,,,,,,,,,,,,,,,,,,,High,,,Kept (auto),,,Tight v1,
GID-6A97425183,,Puzznic,パズニック,,,,,,,,,Taito,Taito,Taito,,,,,,,,,,,,,,,,,,,,,,,,,,,,,,,,,,,,,High,,,Kept (auto),,,Tight v1,
GID-6A97425183,,Qix,クイックス,,,,,,,,,Taito,Taito,Taito,,,,,,,,,,,,,,,,,,,,,,,,,,,,,,,,,,,,,High,,,Kept (auto),,,Tight v1,
GID-D4F5DA7431,,Captain Saver (Power Blade 2),キャプテンセイバー,,,,,,,,,Natsume,Taito,Taito,,,,,,,,,,,,,,,,,,,,,,,,,,,,,,,,,,,,,High,,,Kept (auto),,,Tight v1,
GID-0CC1C5F4F3,,Tecmo Cup Soccer Game,キャプテン翼 (ローカライズ),,,,,,,,,Tecmo,Tecmo,Tecmo,,,,,,,,,,,,,,,,,,,,,,,,,,,,,,,,,,,,,Medium,,,Kept (auto),,,Tight v1,
GID-5CBFA69913,,Rescue: The Embassy Mission,ホステージ,,,,,,,,,Kemco/Infogrames,KEMCO,Kemco/Seika,,,,,,,,,,,,,,,,,,,,,,,,,,,,,,,,,,,,,High,,,Kept (auto),,,Tight v1,Retitle (license)
GID-7ED2E97C8B,,Snow Brothers,スノーブラザーズ,,,,,,,,,Toaplan,Toaplan,Capcom,,,,,,,,,,,,,,,,,,,,,,,,,,,,,,,,,,,,,High,,,Kept (auto),,,Tight v1,
GID-4E5E68C327,,Rad Racer,ハイウェイスター,,,,,,,,,Square,Square,Nintendo,,,,,,,,,,,,,,,,,,,,,,,,,,,,,,,,,,,,,High,,,Kept (auto),,,Tight v1,
GID-ACB38C63FC,,Image Fight,イメージファイト,,,,,,,,,Irem,Irem,Irem,,,,,,,,,,,,,,,,,,,,,,,,,,,,,,,,,,,,,High,,,Kept (auto),,,Tight v1,
GID-6A97425183,,Palamedes,パラメデス,,,,,,,,,Taito,Taito,Hot-B,,,,,,,,,,,,,,,,,,,,,,,,,,,,,,,,,,,,,High,,,Kept (auto),,,Tight v1,Same game cross-region
GID-7ED2E97C8B,,Twin Cobra,究極タイガー,,,,,,,,,Toaplan,Taito,Sammy?,,,,,,,,,,,,,,,,,,,,,,,,,,,,,,,,,,,,,High,,,Kept (auto),,,Tight v1,
GID-7ED2E97C8B,,Sky Shark,飛翔鮫,,,,,,,,,Toaplan,Taito,Taito,,,,,,,,,,,,,,,,,,,,,,,,,,,,,,,,,,,,,High,,,Kept (auto),,,Tight v1,
GID-116EF03A0A,,8 Eyes,エイト・アイズ,,,,,,,,,Thinking Rabbit,Taxan,Taxan,,,,,,,,,,,,,,,,,,,,,,,,,,,,,,,,,,,,,High,,,Kept (auto),,,Tight v1,
GID-ACD3DD93DA,,Xexyz,亀の恩返し うらしま伝説,,,,,,,,,Hudson / Atlus,Hudson,Hudson,,,,,,,,,,,,,,,,,,,,,,,,,,,,,,,,,,,,,High,Need JP title confirm,,Kept (auto),,,Tight v1,Same game cross-region
GID-48128BE949,,Lemmings,レミングス,,,,,,,,,DMA / Sunsoft,Sunsoft,Sunsoft,,,,,,,,,,,,,,,,,,,,,,,,,,,,,,,,,,,,,Medium,,,Kept (auto),,,Tight v1,
GID-DAF16F9A64,,Solstice,ソルスティス,,,,,,,,,Software Creations,CSG Imagesoft?,CSG Imagesoft,,,,,,,,,,,,,,,,,,,,,,,,,,,,,,,,,,,,,Medium,,,Kept (auto),,,Tight v1,
GID-217A56AA8C,,Whomp 'Em,西遊記ワールドII 天上界の魔神,,,,,,,,,Jaleco / Now Production,Jaleco,Jaleco,,,,,,,,,,,,,,,,,,,,,,,,,,,,Rebrand/Asset swap,,,,,,,,,High,US 'Whomp 'Em' from JP 'Saiyuuki World' (graphics/branding changed),,Kept (auto),,,Tight v1,Rebrand / Asset swap
GID-DC9C8ADB6E,,Wizardry: Proving Grounds of the Mad Overlord,ウィザードリィ,,,,,,,,,Sir-Tech / ASCII,ASCII,Nexoft,,,,,,,,,,,,,,,,,,,,,,,,,,,,,,,,,,,,,Medium,Publisher fields corrected (US: Nexoft / JP: ASCII). Codes pending verification.,,Kept (auto),,,Tight v1,
GID-ED05543A08,,Winter Games,ウィンターゲームズ,,,,,,,,,Epyx / Pony Canyon,Pony Canyon,Acclaim?,,,,,,,,,,,,,,,,,,,,,,,,,,,,,,,,,,,,,High,Arcade/sports port — verify US publisher,,Kept (auto),,,Tight v1,Same game cross-region (publisher differs)
GID-ED05543A08,,World Games,ワールドゲームズ,,,,,,,,,Epyx / Pony Canyon,Pony Canyon,Milton Bradley?,,,,,,,,,,,,,,,,,,,,,,,,,,,,,,,,,,,,,Medium,Verify US mapping,,Kept (auto),,,Tight v1,Same game cross-region (publisher differs)
GID-87FBD8D004,,Yo! Noid,仮面の忍者 花丸,,,,,,,,,Capcom,Capcom,Capcom,,,,,,,,,,,,,,,,,,,,,,,,,,,,,,,,,,,,,High,US tie-in; JP original 'Kamen no Ninja Hanamaru',,Kept (auto),,,Tight v1,
GID-9BBA6E854C,,Zombie Nation,暴れん坊天狗,,,,,,,,,KAZe / Meldac,Meldac,Meldac,,,,,,,,,,,,,,,,,,,,,,,,,,,,Theme swap (JP tengu → US zombies),,,,,,,,,High,US 'Zombie Nation' from JP 'Abarenbou Tengu',,Kept (auto),,,Tight v1,Theme swap (tengu→zombies)
